{
  "features": [
    "Year",
    "Month",
    "Month_Sin",
    "Month_Cos",
    "Day_of_Week",
    "Is_Weekend",
    "Is_Holiday",
    "Building_ID_Encoded",
    "Building_Area_sqft",
    "Number_of_Occupants",
    "Temperature_Avg",
    "Humidity",
    "Rainfall_mm",
    "Wind_Speed",
    "Cooling_Degree_Days",
    "Heating_Degree_Days",
    "Temperature_Anomaly",
    "Temp_AC_Interaction",
    "Temp_Peak_Load_Interaction",
    "Temp_Multiplier",
    "Peak_Load_kW",
    "Load_Factor",
    "Power_Factor_Avg",
    "Voltage_Avg",
    "Current_Avg",
    "Maximum_Demand_kW",
    "Interruption_Duration_Minutes",
    "Working_Hours",
    "Occupancy_Rate",
    "AC_Usage_Hours",
    "Equipment_Utilization_Percent",
    "Tariff_per_kWh",
    "Demand_Charge_per_kW",
    "Fixed_Charge",
    "Lag_1_Month_Consumption",
    "Lag_3_Month_Consumption",
    "Rolling_3_Month_Avg",
    "Previous_Month_Bill"
  ],
  "energy_importance": [
    0.001468241331167519,
    0.0013416585279628634,
    0.00161028525326401,
    0.002419132739305496,
    0.0017204034375026822,
    0.003807599190622568,
    0.0,
    0.001241109101101756,
    0.003632345935329795,
    0.0007766864146105945,
    0.0030432387720793486,
    0.0027028496842831373,
    0.0018861907301470637,
    0.002382449572905898,
    0.002734682522714138,
    0.002301429398357868,
    0.0010246222373098135,
    0.0021937473211437464,
    0.0016868187813088298,
    0.0019013024866580963,
    0.06478209793567657,
    0.0015207332326099277,
    0.0022740077693015337,
    0.0026061630342155695,
    0.2599417269229889,
    0.07545182853937149,
    0.002443077275529504,
    0.0011146541219204664,
    0.0021584180649369955,
    0.0017798010958358645,
    0.0027213948778808117,
    0.003144144546240568,
    0.0008915628422982991,
    0.0,
    0.017807049676775932,
    0.010070482268929482,
    0.5081139802932739,
    0.0033040225971490145
  ],
  "bill_importance": [
    0.0026401649229228497,
    0.001233440707437694,
    0.0009563330677337945,
    0.0022352365776896477,
    0.0013497612671926618,
    0.0005087479366920888,
    0.0,
    0.0008366190595552325,
    0.0076683927327394485,
    0.0009544960339553654,
    0.0025614476762712,
    0.002076810458675027,
    0.0023338040336966515,
    0.003175899153575301,
    0.003270966000854969,
    0.0017836779588833451,
    0.002090329537168145,
    0.0026749996468424797,
    0.00239953538402915,
    0.0035800435580313206,
    0.15852542221546173,
    0.0017040957463905215,
    0.0019031809642910957,
    0.002453357446938753,
    0.11453486979007721,
    0.3764755427837372,
    0.0010574569460004568,
    0.0003691330784931779,
    0.0020810230635106564,
    0.003268656088039279,
    0.001359248417429626,
    0.006208529695868492,
    0.00892510637640953,
    0.0,
    0.04683465510606766,
    0.0032943699043244123,
    0.22504007816314697,
    0.0016345384065061808
  ]
}